owner_id,owner_image_url,selfie_url
540406143,https://driver-image-preprocessed-production.s3.amazonaws.com/public/1dc78e28f0ca425baf865fa06cdfc67a.jpg,https://driver-image-preprocessed-production.s3.amazonaws.com/public/1dc78e28f0ca425baf865fa06cdfc67a.jpg
541953752,https://driver-image-preprocessed-production.s3.amazonaws.com/public/82e1100bde3442dfa660f62999bd0070.jpg,https://driver-image-preprocessed-production.s3.amazonaws.com/public/82e1100bde3442dfa660f62999bd0070.jpg
700608878,https://driver-image-preprocessed-production.s3.amazonaws.com/public/3a54794ac6954594b05eb688eebc22a7.jpg,https://driver-image-preprocessed-production.s3.amazonaws.com/public/3a54794ac6954594b05eb688eebc22a7.jpg
700853181,https://driver-image-preprocessed-production.s3.amazonaws.com/public/0a9225fcc2ed41e8a94105eb80c108f3.jpg,https://driver-image-preprocessed-production.s3.amazonaws.com/public/0a9225fcc2ed41e8a94105eb80c108f3.jpg
700863941,https://driver-image-preprocessed-production.s3.amazonaws.com/public/5a6f37d8655b4f33a4dbcfb061c36dd1.jpg,https://driver-image-preprocessed-production.s3.amazonaws.com/public/5a6f37d8655b4f33a4dbcfb061c36dd1.jpg
700865069,https://driver-image-preprocessed-production.s3.amazonaws.com/public/4de5f1c5-0383-401c-9c12-ebe24d295e2f.jpg,https://driver-image-preprocessed-production.s3.amazonaws.com/public/4de5f1c5-0383-401c-9c12-ebe24d295e2f.jpg
701062192,https://driver-image-preprocessed-production.s3.amazonaws.com/public/1f6a21e6-93ca-40eb-bc83-77311a8ec15f.jpg,https://driver-image-preprocessed-production.s3.amazonaws.com/public/1f6a21e6-93ca-40eb-bc83-77311a8ec15f.jpg
701148918,https://driver-image-preprocessed-production.s3.amazonaws.com/public/510ef62c-0453-464c-a8f4-b3f0aa320a4e.jpg,https://driver-image-preprocessed-production.s3.amazonaws.com/public/510ef62c-0453-464c-a8f4-b3f0aa320a4e.jpg
701176367,https://driver-image-preprocessed-production.s3.amazonaws.com/public/214eb0c909544df794c591796beef2cc.jpg,https://driver-image-preprocessed-production.s3.amazonaws.com/public/214eb0c909544df794c591796beef2cc.jpg
701221078,https://driver-image-preprocessed-production.s3.amazonaws.com/public/9e9778a3-2fe6-41a2-b8d1-08c97febf6d0.jpg,https://driver-image-preprocessed-production.s3.amazonaws.com/public/9e9778a3-2fe6-41a2-b8d1-08c97febf6d0.jpg
701275312,https://driver-image-preprocessed-production.s3.amazonaws.com/public/f94297ff-d712-4fa3-927c-59e8d0d066b3.jpg,https://firebasestorage.googleapis.com/v0/b/driver-app-547b8-hucue-fr/o/20230317%2F29324314-ee7c-4e5f-a8c3-2102be1c46e1_1679035352350.jpg?alt=media&token=32d0a363-27a6-4296-9478-692879dc161c
701304652,https://driver-image-preprocessed-production.s3.amazonaws.com/public/c5ca1797-d775-4173-8e37-012a8b0570b2.jpg,https://firebasestorage.googleapis.com/v0/b/driver-app-547b8-hucue-fr/o/20230317%2F29324314-ee7c-4e5f-a8c3-2102be1c46e1_1679035352350.jpg?alt=media&token=32d0a363-27a6-4296-9478-692879dc161c
701373299,https://driver-image-preprocessed-production.s3.amazonaws.com/public/aa8b3642-d7e5-411c-8d6e-239f733875c0.jpg,https://driver-image-preprocessed-production.s3.amazonaws.com/public/aa8b3642-d7e5-411c-8d6e-239f733875c0.jpg
701401236,https://driver-image-preprocessed-production.s3.amazonaws.com/public/4ca43dd8-56ba-4f8c-8f1d-743419d04c34.jpg,https://driver-image-preprocessed-production.s3.amazonaws.com/public/4ca43dd8-56ba-4f8c-8f1d-743419d04c34.jpg
701452434,https://driver-image-preprocessed-production.s3.amazonaws.com/public/0b487df2-0a6f-488e-b0ae-7836ef64e3ad.jpg,https://driver-image-preprocessed-production.s3.amazonaws.com/public/0b487df2-0a6f-488e-b0ae-7836ef64e3ad.jpg
701502570,https://driver-image-preprocessed-production.s3.amazonaws.com/public/eff370f8-0cee-4925-9802-be875daa3dc2.jpg,https://driver-image-preprocessed-production.s3.amazonaws.com/public/eff370f8-0cee-4925-9802-be875daa3dc2.jpg